{"stats":{"minecraft:used":{"minecraft:cartography_table":3,"minecraft:map":1,"minecraft:grass_block":1},"minecraft:custom":{"minecraft:jump":192,"minecraft:time_since_rest":49320,"minecraft:crouch_one_cm":399,"minecraft:leave_game":3,"minecraft:play_time":49320,"minecraft:sprint_one_cm":3870,"minecraft:time_since_death":49320,"minecraft:walk_one_cm":122922,"minecraft:sneak_time":2347,"minecraft:total_world_time":49362,"minecraft:climb_one_cm":76,"minecraft:interact_with_cartography_table":4,"minecraft:fly_one_cm":1510725}},"DataVersion":3465}