{"stats":{"minecraft:used":{"minecraft:firework_rocket":362,"minecraft:elytra":1},"minecraft:picked_up":{"minecraft:seagrass":1,"minecraft:firework_rocket":1,"gunscraft:mini_m249":1,"minecraft:bamboo":2},"minecraft:custom":{"minecraft:time_since_rest":35546,"minecraft:crouch_one_cm":66,"minecraft:play_time":35546,"minecraft:sprint_one_cm":1052,"minecraft:walk_one_cm":5851,"minecraft:sneak_time":3529,"minecraft:walk_under_water_one_cm":35108,"minecraft:mob_kills":12,"minecraft:drop":6,"minecraft:aviate_one_cm":2107700,"minecraft:jump":24,"minecraft:leave_game":1,"minecraft:time_since_death":35546,"minecraft:walk_on_water_one_cm":11809,"minecraft:total_world_time":35546,"minecraft:climb_one_cm":257,"minecraft:fly_one_cm":1146101},"minecraft:dropped":{"minecraft:bamboo":2,"gunscraft:mini_m249":1,"minecraft:seagrass":1,"camera:image":1,"minecraft:firework_rocket":1},"minecraft:killed":{"minecraft:spider":3,"minecraft:turtle":3,"minecraft:zombie":4,"minecraft:chicken":1,"minecraft:cow":1}},"DataVersion":3465}