{
  "minecraft:recipes/decorations/crafting_table": {
    "criteria": {
      "unlock_right_away": "2024-06-26 22:31:49 +0000"
    },
    "done": true
  },
  "minecraft:adventure/adventuring_time": {
    "criteria": {
      "minecraft:deep_ocean": "2024-06-26 23:07:23 +0000",
      "minecraft:sunflower_plains": "2024-06-26 23:10:41 +0000",
      "minecraft:bamboo_jungle": "2024-06-26 22:31:50 +0000",
      "minecraft:beach": "2024-06-26 23:10:36 +0000",
      "minecraft:dark_forest": "2024-06-26 23:03:24 +0000",
      "minecraft:lukewarm_ocean": "2024-06-26 23:01:00 +0000",
      "minecraft:river": "2024-06-26 22:50:56 +0000",
      "minecraft:forest": "2024-06-26 23:23:48 +0000",
      "minecraft:windswept_forest": "2024-06-26 23:04:07 +0000",
      "minecraft:jungle": "2024-06-26 22:51:01 +0000",
      "minecraft:ocean": "2024-06-26 23:01:33 +0000",
      "minecraft:flower_forest": "2024-06-26 23:19:35 +0000",
      "minecraft:meadow": "2024-06-26 23:28:07 +0000",
      "minecraft:plains": "2024-06-26 23:20:43 +0000"
    },
    "done": false
  },
  "create:root": {
    "criteria": {
      "0": "2024-06-26 23:13:17 +0000"
    },
    "done": true
  },
  "minecraft:recipes/misc/book": {
    "criteria": {
      "has_paper": "2024-06-26 23:14:05 +0000"
    },
    "done": true
  },
  "create:recipes/misc/crafting/schematics/schematic_and_quill": {
    "criteria": {
      "has_item": "2024-06-26 23:14:05 +0000"
    },
    "done": true
  },
  "create:recipes/misc/crafting/schematics/empty_schematic": {
    "criteria": {
      "has_item": "2024-06-26 23:14:05 +0000"
    },
    "done": true
  },
  "create:recipes/misc/crafting/materials/sand_paper": {
    "criteria": {
      "has_item": "2024-06-26 23:14:05 +0000"
    },
    "done": true
  },
  "create:recipes/misc/crafting/materials/red_sand_paper": {
    "criteria": {
      "has_item": "2024-06-26 23:14:05 +0000"
    },
    "done": true
  },
  "minecraft:recipes/decorations/cartography_table": {
    "criteria": {
      "has_paper": "2024-06-26 23:14:05 +0000"
    },
    "done": true
  },
  "DataVersion": 3465
}